食物名稱,energy,protein,total_lipid_fat,carbohydrate_by_difference,fiber_total_dietary,total_sugars,sodium_na
PEPPERIDGE FARM BREAD TUSCAN,246.0,8.77,1.75,47.37,1.8,1.75,579.0
PEPPERIDGE FARM BREAD,246.0,8.77,0.88,50.88,1.8,0.0,596.0
5.5 FL OZ 100% JUICE - ORANGE,49.0,0.0,0.0,12.35,0.0,9.26,9.0
Pork Loin Bone In Chops Frenched,80.0,18.75,8.93,0.0,0.0,0.0,304.0
Pork Loin Backrib & Seasoning Cook In Bag,143.0,14.29,15.18,2.68,0.0,1.79,295.0
"Pork Ham Bone In, Skinless Defatted MBG#401",152.0,18.75,16.96,0.0,0.0,0.0,62.0
"Chicken, FC Country Krisp 9 pc Cut, Bulk Pack, Approx. 75 pc",176.0,16.47,10.59,5.88,0.0,0.0,576.0
"Chicken, FC Bnls/Skls, Easy Gourmet Classic Italian Brst Fillet; avg 46/3.5 oz",120.0,20.0,2.0,5.0,0.0,1.0,820.0
Naturally Hickory Smoked The Original 24/1 LB. Sliced Bacon,571.0,38.1,47.62,0.0,0.0,0.0,2190.0
"LEMON FLAVORED SALTED PLUM, LEMON, LEMON",166.0,2.17,0.4,33.14,8.3,16.57,5166.0
"TREATS CRACKERS, CINNAMON, CINNAMON",467.0,6.67,10.0,80.0,0.0,20.0,300.0
"FUDGE PEANUT BUTTER FILLED COOKIES, FUDGE PEANUT BUTTER",538.0,7.69,30.77,57.69,3.8,30.77,346.0
"VEGETABLE STOCK, VEGETABLE",4.0,0.0,0.0,0.83,0.0,0.83,238.0
"BURRITOS, EGG, APPLEWOOD SMOKED BACON & CHEESE",234.0,8.59,9.38,28.12,0.8,0.78,391.0
"INSTANT PUDDING, MARSHMALLOW CHOCOLATE CHIP",393.0,0.0,3.57,89.29,0.0,78.57,1000.0
GUMMY BLUE SHARKS,325.0,5.0,0.0,75.0,0.0,50.0,200.0
INSTANT WHITE RICE,378.0,8.89,0.0,82.22,2.2,0.0,0.0
FISH FRY,333.0,0.0,0.0,66.67,16.7,0.0,3333.0
CHUCKANUT BAY CHEESECAKE,336.0,6.19,24.78,29.2,1.8,1.77,274.0
"APPLES & CINNAMON INSTANT IRISH OATMEAL, APPLES & CINNAMON",371.0,8.57,2.86,80.0,5.7,34.29,457.0
"RASPBERRY LOWFAT YOGURT WITH GRANOLA, RASPBERRY",100.0,2.94,1.18,20.59,0.6,12.94,59.0
"OLDE CAPE COD, BBQ & GRILLING SAUCE, HONEY, ORANGE, HONEY, ORANGE",222.0,0.0,0.0,55.56,0.0,52.78,444.0
"EL MONTEREY, CHICKEN TAQUITOS WITH SEASONED CORN TORTILLAS, NACHO CHEESE, NACHO CHEESE",200.0,5.88,9.41,25.88,2.4,0.0,471.0
"HONEY RAISIN BRAN MUFFIN MIX, HONEY RAISIN BRAN",372.0,4.65,0.0,79.07,4.7,46.51,488.0
SLICED BEETS,17.0,0.43,0.0,2.14,0.4,1.71,107.0
"CHERRY PIE FILLING OR TOPPING, CHERRY",118.0,1.18,0.0,28.24,1.2,23.53,18.0
"STRAWBERRY ICE CREAM, STRAWBERRY",215.0,2.15,11.83,25.81,0.0,21.51,32.0
SWEET ITALIAN SAUSAGE,247.0,23.46,16.05,2.47,0.0,0.0,556.0
"ROASTED CRUNCHY COATED PEANUTS, ROASTED",486.0,21.62,27.03,45.95,8.1,8.11,486.0
"DARK CHOCOLATE CHIPS ICE CREAM, DARK CHOCOLATE CHIPS",245.0,4.26,13.83,26.6,1.1,25.53,69.0
CHOPPED GREEN CHILE,17.0,0.0,0.0,3.33,3.3,3.33,0.0
ORGANIC PINTO BEANS,92.0,5.38,0.0,16.15,3.8,0.77,4.0
"BROWN RICE THINS SNACK CRACKERS, BROWN RICE",400.0,6.67,6.67,76.67,3.3,0.0,267.0
"PEANUT BUTTER WAFERS, PEANUT BUTTER",519.0,3.7,22.22,59.26,3.7,0.0,222.0
"ROTISSERIE SEASONED CHICKEN BREAST WITH RIB MEAT, ROTISSERIE SEASONED",125.0,16.07,5.36,1.79,0.0,0.0,768.0
"RASPBERRY CREAM TOP WHOLE MILK YOGURT, RASPBERRY",107.0,2.67,3.33,16.67,0.7,14.0,43.0
ROASTED SEAWEED,400.0,40.0,0.0,40.0,0.0,0.0,800.0
GUMMIES,350.0,5.0,0.0,82.5,0.0,47.5,12.0
"ORIGINAL ORGANIC TEMPEH, ORIGINAL",167.0,19.05,5.36,11.9,8.3,0.0,12.0
"RAMEN STYLE CHINESE NOODLES, RAMEN STYLE",364.0,12.73,0.91,76.36,3.6,1.82,45.0
"MACARONI & CHEESE PASTA, MACARONI & CHEESE",389.0,11.11,6.94,69.44,1.4,4.17,1222.0
"APPLE & CINNAMON FLAVORED INSTANT OATMEAL, APPLE & CINNAMON",371.0,8.57,4.29,77.14,8.6,34.29,486.0
"SWEET & ZESTY BBQ SAUCE, SWEET & ZESTY",184.0,0.0,0.0,44.74,0.0,39.47,842.0
SPINACH DIP MADE WITH GREEK YOGURT,133.0,3.33,11.67,6.67,3.3,3.33,600.0
"FROSTED STRAWBERRY TOASTER PASTRIES, FROSTED STRAWBERRY",375.0,2.88,8.65,71.15,1.0,38.46,240.0
"CRUNCHY CRINKLE FRIES, CHEDDAR CHEESE, CHEDDAR CHEESE",500.0,7.14,25.0,57.14,3.6,7.14,821.0
"ROASTAROMA CAFFEINE FREE HERBAL TEA BAGS, ROASTAROMA",0.0,0.0,0.0,0.0,0.0,0.0,0.0
"BROOKLYN BLACKOUT CAKE ICE CREAM, BROOKLYN BLACKOUT CAKE",255.0,4.26,15.6,27.66,1.4,23.4,74.0
REFRIED BEANS,85.0,4.62,1.92,12.31,5.4,0.77,392.0
"GOUDA CHEESE, GOUDA",357.0,25.0,28.57,3.57,0.0,3.57,821.0
"THAI RICE STIR-FRY NOODLES, THAI RICE",160.0,6.0,1.5,30.0,2.0,1.0,95.0
"GINO'S EAST, GOLDEN CRISPY THIN CRUST PEPPERONI PIZZA",264.0,12.4,14.05,21.49,1.7,2.48,455.0
"BROWN CANE SUGAR, BROWN",375.0,0.0,0.0,87.5,0.0,0.0,62.0
SOFT LICORICE,325.0,5.0,0.0,77.5,0.0,42.5,225.0
"ENRICHED MACARONI PRODUCT, SMALL SHELLS",375.0,14.29,1.79,73.21,3.6,1.79,0.0
"ORIGINAL MIDWEST GRANOLA, ORIGINAL MIDWEST",607.0,17.86,50.0,35.71,7.1,17.86,54.0
"PISTACHIO ALMOND FROZEN DAIRY DESSERT, PISTACHIO ALMOND",178.0,4.44,5.56,27.78,1.1,20.0,133.0
CALAMARI RINGS,71.0,15.18,0.45,0.0,0.0,0.0,179.0
"SOUR CREAM & ONION RIDGED POTATO CHIPS, SOUR CREAM & ONION",536.0,7.14,35.71,50.0,3.6,3.57,821.0
"ANTIU XIXONA, MILK CREAMY CHOCOLATE",544.0,8.0,32.0,55.6,4.0,52.0,80.0
"CRUMBLED BLUE CHEESE, BLUE",357.0,21.43,28.57,3.57,0.0,3.57,1357.0
"BLUEBERRY PIE, BLUEBERRY",246.0,2.63,13.16,35.96,3.5,3.51,281.0
FAJITA SEASONING,0.0,0.0,0.0,0.0,0.0,0.0,78.0
"BROWN RICE GLUTEN-FREE TORTILLAS, BROWN RICE",228.0,3.51,4.39,42.11,3.5,0.0,281.0
SLICED SANDWICH ROLLS,239.0,8.45,2.11,47.89,1.4,2.82,423.0
"SPICY PEANUT BAKE, SPICY PEANUT",421.0,10.53,13.16,68.42,5.3,52.63,1263.0
"MILD CHEDDAR ORGANIC CHEESE, MILD CHEDDAR",381.0,23.81,33.33,0.0,0.0,0.0,619.0
"ORIGINAL PEACH PROBIOTIC FORMULA BLENDED LOWFAT YOGURT, ORIGINAL PEACH",88.0,2.94,0.88,17.06,0.0,15.29,56.0
PINEAPPLE TIDBITS IN 100% PINEAPPLE JUICE,62.0,0.0,0.0,15.93,0.9,15.04,0.0
"ORIGINAL DELECTABLE BRIE SPREAD, ORIGINAL",286.0,14.29,25.0,3.57,0.0,0.0,857.0
"MARINARA SAUCE, MARINARA",56.0,1.6,3.2,6.4,0.8,2.4,432.0
"REDSKIN POTATO SALAD WITH CELERY, SWEET PICKLE RELISH, GREEN ONION, RED PEPPER AND MUSTARD, REDSKIN",163.0,1.63,10.57,15.45,1.6,4.07,301.0
"TRADITIONAL GERMAN EGG BROAD NOODLES, TRADITIONAL GERMAN",364.0,14.55,3.64,69.09,3.6,3.64,18.0
PREMIUM ULTIMATE APRICOTS,275.0,2.5,0.0,65.0,7.5,37.5,62.0
SPINACH PLUS BABY KALE,35.0,3.53,0.0,5.88,2.4,1.18,65.0
"SEASONED TRADITIONAL STUFFING, SEASONED",382.0,11.76,1.47,73.53,2.9,2.94,971.0
"HUMMUZ, CRACKERS, OLIVE TAPENADE, OLIVE TAPENADE",429.0,17.86,8.93,67.86,7.1,3.57,679.0
"MUSHROOM SAUCE, MUSHROOM",56.0,1.6,1.6,8.8,1.6,5.6,368.0
"BEEF TERIYAKI STIR-FRY TENDER BEEF WITH BROCCOLI, GREEN BEANS, RED BELL PEPPERS AND CARROTS IN A TERIYAKI SAUCE, BEEF TERIYAKI STIR-FRY",115.0,7.93,7.93,4.41,1.8,1.76,383.0
"DARK CHOCOLATE FLAVORED OVEN ROASTED ALMONDS, DARK CHOCOLATE",571.0,17.86,42.86,32.14,10.7,17.86,125.0
"NEW YORK STYLE CHEESECAKE, NEW YORK STYLE",367.0,5.06,25.32,31.65,1.3,17.72,329.0
"SEASONED TURKEY BURGERS, SEASONED",154.0,14.77,10.07,0.0,0.0,0.0,309.0
STIR-FRY BROKEN MUSHROOMS,18.0,1.77,0.0,2.65,1.8,0.0,336.0
"CLASSIC SLICED LOAF CAKE, CLASSIC",356.0,5.56,13.33,51.11,0.0,28.89,411.0
"CHOCOLATE BROWNIE ENERGY BAR, CHOCOLATE BROWNIE",368.0,13.24,7.35,64.71,5.9,30.88,265.0
"BOURBON CHICKEN SEASONING MIX, BOURBON CHICKEN",333.0,0.0,0.0,77.78,0.0,0.0,2000.0
GARDEN COMBINATION CHUNKY SAUCE,70.0,1.56,1.95,10.94,1.6,7.81,367.0
LARGE LIMA BEANS,0.0,20.0,1.43,62.86,22.9,2.86,14.0
"MILK CHOCOLATE CHIP SOFT BAKED COOKIES, MILK CHOCOLATE CHIP",464.0,3.57,21.43,67.86,0.0,39.29,411.0
"MILD SALSA CASERA, MILD",32.0,0.0,0.0,6.45,0.0,3.23,710.0
"ORIGINAL KETTLE CLASSICS POTATO CHIPS, ORIGINAL",536.0,7.14,32.14,57.14,3.6,0.0,536.0
"HOT COPPA, HOT",286.0,25.0,21.43,0.0,0.0,0.0,2143.0
"RED'S, VEGGIE BURRITO BOWL",121.0,3.75,2.5,20.83,2.5,2.08,317.0
"ULTRA MOIST CAKE MIX, DEVIL'S FOOD",410.0,5.13,10.26,76.92,2.6,41.03,769.0
"CHEESE FLAVORED POPCORN, CHEESE",500.0,7.14,28.57,53.57,10.7,3.57,1143.0
"ORIGINAL CRESCENT ROLLS, ORIGINAL",357.0,7.14,17.86,42.86,0.0,7.14,750.0
"MARINARA PASTA SAUCE, MARINARA",64.0,1.6,3.2,8.0,0.8,7.2,288.0
"SEAFOOD SALAD, SEAFOOD",280.0,6.0,24.0,10.0,0.0,5.0,730.0
TIKKA MASALA SAUCE,275.0,2.5,22.5,12.5,2.5,7.5,1075.0
"PREMIUM SMOKY MONTREAL STEAK SAUCE, SMOKY MONTREAL STEAK",139.0,0.0,0.0,27.78,0.0,22.22,2000.0
FRENCH CUT GREEN BEANS,40.0,1.14,0.0,5.68,2.3,2.27,0.0
"BISCUIT GRAVY MIX, BISCUIT",450.0,0.0,25.0,60.0,0.0,0.0,1800.0
"BREAD & BUTTER OLD-FASHIONED SWEET SANDWICH STUFFERS, BREAD & BUTTER",71.0,0.0,0.0,17.86,0.0,17.86,607.0
EXTRA LARGE PITTED RIPE OLIVES,107.0,0.0,10.71,7.14,0.0,0.0,857.0
"BANANAS & CREAM INSTANT HOT CEREAL, BANANAS & CREAM",371.0,5.71,0.0,80.0,2.9,34.29,400.0
"SOLID YELLOWFIN TUNA IN EXTRA VIRGIN OLIVE OIL, SOLID YELLOWFIN TUNA",204.0,25.66,11.5,0.0,0.0,0.0,336.0
WHOLE KERNEL CORN,56.0,1.6,0.8,10.4,1.6,4.8,240.0
"MEXICAN-STYLE DICED TOMATOES, MEXICAN-STYLE",17.0,0.83,0.0,3.31,0.8,2.48,248.0
"DELICATESSEN STYLE MILD BANANA PEPPER RINGS, DELICATESSEN STYLE",18.0,0.0,0.0,3.57,0.0,0.0,1179.0
CRUSHED TOMATOES,33.0,1.64,0.0,6.56,1.6,3.28,148.0
"TOMATO SAUCE, TOMATO",25.0,1.64,0.0,4.92,1.6,3.28,459.0
ALL-PURPOSE FLOUR,367.0,10.0,0.0,76.67,3.3,0.0,0.0
"CANOLA MAYONNAISE DRESSING, CANOLA",267.0,0.0,26.67,6.67,0.0,0.0,767.0
REAL MAYONNAISE,714.0,0.0,78.57,0.0,0.0,0.0,679.0
"SUPER MUESLI OATS, QUINOA, ALMONDS, CHIA SEEDS, CRANBERRIES, HEMP SEEDS, COCONUT NATURAL MUESLI, SUPER MUESLI",390.0,14.63,14.63,60.98,12.2,12.2,0.0
"TRI-BEAN BLEND A MIX OF KIDNEY, PINTO AND BLACK BEANS, TRI-BEAN BLEND",77.0,5.38,0.0,14.62,3.8,0.77,100.0
"BUFFALO STYLE SMOKED CHICKEN BREAST, SMOKED, BUFFALO STYLE",286.0,35.71,10.71,7.14,0.0,7.14,2214.0
"REDUCED SODIUM BLEND STEAK SEASONING, STEAK",237.0,11.83,17.75,11.83,0.0,5.92,4142.0
PREMIUM DRIED BLUEBERRIES,349.0,0.0,0.0,86.05,11.6,58.14,0.0
"FRENCH VANILLA WITH ALMONDS GRANOLA, FRENCH VANILLA",439.0,8.77,14.04,71.93,7.0,24.56,132.0
"ORIGINAL WATER CRACKERS, ORIGINAL",400.0,13.33,6.67,80.0,6.7,0.0,367.0
"THE ORIGINAL NO-STICK BAKING SPRAY WITH FLOUR, ORIGINAL",0.0,0.0,0.0,0.0,0.0,0.0,0.0
"PEANUT NOODLES QUICK MEAL, PEANUT",426.0,8.11,13.51,68.92,2.0,14.19,412.0
"PHAD THAI SEASONING MIX, PHAD THAI",357.0,14.29,0.0,85.71,0.0,57.14,643.0
REFRIED BLACK BEANS,123.0,3.28,6.56,12.3,4.1,0.82,402.0
DARK BELGIAN CHOCOLATE DESSERT CUPS,525.0,5.0,42.5,50.0,12.5,35.0,0.0
"WISE, ONION RINGS, ONION, ONION",500.0,0.0,21.43,71.43,0.0,0.0,1286.0
"CALORIE FREE MARSHMALLOW DIP, MARSHMALLOW",0.0,0.0,0.0,0.0,0.0,0.0,167.0
100% WHOLE WHEAT FLOUR TORTILLAS SOFT TACO,289.0,8.89,6.67,48.89,6.7,4.44,622.0
"CHICKEN NOODLE CONDENSED SOUP, CHICKEN NOODLE",48.0,2.4,1.6,6.4,0.0,0.0,712.0
MACARONI & CHEESE,176.0,7.06,7.06,21.57,1.2,1.96,267.0
DICED TOMATOES,24.0,0.79,0.0,4.76,0.8,2.38,103.0
NO SALT ADDED ORGANIC KIDNEY BEANS,85.0,5.38,0.0,15.38,6.2,0.77,4.0
SOUR CREAM,200.0,3.33,16.67,6.67,0.0,3.33,33.0
CRUSHED PINEAPPLE IN 100% PINEAPPLE JUICE,53.0,0.0,0.0,12.78,0.9,11.45,11.0
"WILBUR'S REVENGE HOT SAUCE, WILBUR'S REVENGE",83.0,0.0,0.0,33.33,0.0,16.67,833.0
"LIPTON, SUPERFRUIT GREEN TEA, ACAI DRAGONFRUIT MELON FLAVOR WITH OTHER NATURAL FLAVOR, ACAI DRAGONFRUIT MELON FLAVOR WITH OTHER NATURAL FLAVOR",0.0,0.0,0.0,0.0,0.0,0.0,0.0
"DICED PEACHES YELLOW CLING PEACHES IN PEACH FLAVORED GEL, PEACH",62.0,0.0,0.0,14.84,0.8,14.06,12.0
CRUSHED PINEAPPLE IN 100% PINEAPPLE JUICE,53.0,0.0,0.0,12.67,0.7,11.33,10.0
"MILD ORGANIC RED ENCHILADA SAUCE, MILD",33.0,1.67,0.0,6.67,0.0,3.33,600.0
"MINT & CHOCOLATE FLAVORED HOT COCOA MIX, MINT & CHOCOLATE",400.0,8.57,7.14,74.29,2.9,68.57,714.0
"WILD MUSHROOM & HERB RICE PILAF, WILD MUSHROOM & HERB",357.0,8.93,1.79,75.0,1.8,1.79,1054.0
RED GRAPEFRUIT IN EXTRA LIGHT SYRUP,48.0,0.79,0.0,11.9,0.8,9.52,0.0
"ORIGINAL ORGANIC UNCURED BEEF SUMMER SAUSAGE, ORIGINAL",357.0,16.07,32.14,1.79,0.0,0.0,911.0
"STRAWBERRY LOWFAT YOGURT, STRAWBERRY",88.0,8.77,1.75,10.53,0.0,8.77,35.0
100% LIQUID EGG WHITES,54.0,10.87,0.0,0.0,0.0,0.0,163.0
"CREAM STYLE NO SALT ADDED SWEET CORN, CREAM STYLE",48.0,0.8,0.4,11.2,1.6,5.6,8.0
"FROSTED FLAKES CEREAL, FROSTED FLAKES",390.0,4.88,0.0,90.24,0.0,36.59,463.0
"HONEY BUZZERS CEREAL, HONEY BUZZERS",394.0,6.06,3.03,87.88,3.0,33.33,545.0
SLICED WHOLE MUSHROOMS,17.0,1.74,0.0,2.61,0.9,0.87,339.0
"TOMATO SAUCE, TOMATO",24.0,0.0,0.0,4.76,1.6,3.17,349.0
"STONE GROUND ORGANIC MUSTARD, STONE GROUND",100.0,0.0,0.0,0.0,0.0,0.0,1200.0
"COFFEE WHOLE MILK YOGURT, COFFEE",100.0,3.33,4.0,12.67,0.0,10.0,43.0
"WHOLE WHEAT TORTILLAS, WHOLE WHEAT",28.0,13.89,5.56,30.56,22.2,0.0,556.0
"MILK CHOCOLATE SEA SALT CASHEWS, MILK CHOCOLATE",525.0,7.5,32.5,55.0,2.5,42.5,325.0
"HOT SAUCE FLAVORED BUFFALO KOSHER BABY DILLS, HOT SAUCE",18.0,0.0,0.0,3.57,0.0,0.0,929.0
"SHARP CHEDDAR REDUCED FAT NATURAL CHEESE STICKS, SHARP CHEDDAR",286.0,28.57,21.43,0.0,0.0,0.0,667.0
TRADITIONAL RICOTTA CHEESE,145.0,11.29,9.68,4.84,0.0,4.84,121.0
"BLUEBERRY CREAM TOP WHOLE MILK YOGURT, BLUEBERRY",107.0,2.67,3.33,17.33,0.7,14.67,40.0
"ORGANIC MACARONI PRODUCT, RIGATONI",357.0,10.71,1.79,76.79,3.6,3.57,0.0
"MEDIUM SALSA CON QUESO, MEDIUM",150.0,3.33,10.0,10.0,0.0,3.33,633.0
"DOUBLE CHOCOLATE FLAVORED MINI DONUTS, DOUBLE CHOCOLATE",518.0,1.18,32.94,54.12,1.2,32.94,341.0
"ICED DEVIL'S FOOD CAKE WITH CREAMY FILLING, ICED DEVIL'S",375.0,2.78,13.89,63.89,1.4,47.22,347.0
FINE SEA SALT,0.0,0.0,0.0,0.0,0.0,0.0,39286.0
"SAVORY HERB WITH GARLIC RECIPE SOUP & DIP MIX, SAVORY HERB WITH GARLIC",278.0,11.11,0.0,66.67,0.0,11.11,6667.0
REDUCED SODIUM PIMIENTO STUFFED MANZANILLA OLIVES,179.0,0.0,17.86,0.0,0.0,0.0,500.0
"BUTTERMILK BAKING & PANCAKE MIX, BUTTERMILK",410.0,5.13,15.38,64.1,2.6,7.69,1179.0
"HOT & SOUR SOUP MIX, HOT & SOUR",360.0,12.0,4.0,68.0,4.0,20.0,2640.0
"LIGHT AMBER MOUNTAIN FOREST US GRADE A HONEY, LIGHT AMBER MOUNTAIN FOREST",286.0,0.0,0.0,80.95,0.0,80.95,0.0
"KAMEDA CRISPS, SAVORY RICE SNACK WITH ROASTED PEANUTS, BLACK PEPPER, BLACK PEPPER",467.0,13.33,20.0,60.0,6.7,3.33,633.0
"VANILLA ALMOND PROTEIN BARS, VANILLA ALMOND",426.0,29.41,16.18,42.65,2.9,23.53,294.0
"ROASTED ALMOND OIL, ROASTED",867.0,0.0,93.33,0.0,0.0,0.0,0.0
"CAPRESE BABY ARUGULA, BABY SPINACH, BABY LETTUCES, GRAPE TOMATOES, AND MOZZARELLA CHEESE PEARLS WITH BASIL BALSAMIC VINAIGRETTE SALAD CAFE BOWL, CAPRESE",155.0,3.52,11.97,8.45,1.4,7.04,331.0
"MILD ORIGINAL THICK & SMOOTH TACO SAUCE, MILD, ORIGINAL",62.0,0.0,0.0,12.5,0.0,6.25,719.0
"TOASTED ALMOND FROZEN DESSERT BAR, TOASTED ALMOND",271.0,2.86,15.71,31.43,1.4,18.57,43.0
"MILD CANTINA LIME & CILANTRO SALSA, MILD CANTINA LIME & CILANTRO",33.0,0.0,0.0,6.67,0.0,6.67,533.0
"GOLDEN DELICIOUS APPLE CHIPS, GOLDEN DELICIOUS",500.0,0.0,25.0,71.43,7.1,42.86,54.0
"VANILLA FROZEN DAIRY DESSERT BARS, VANILLA",250.0,3.57,19.64,19.64,5.4,8.93,89.0
"NATURAL VANILLA ICE CREAM, NATURAL VANILLA",193.0,3.41,10.23,21.59,0.0,21.59,57.0
SLICED PEACHES YELLOW CLING PEACHES IN 100% FRUIT JUICE,56.0,0.0,0.0,13.71,0.8,10.48,8.0
"ENRICHED MACARONI PRODUCT, ROTELLE",357.0,12.5,1.79,75.0,3.6,1.79,0.0
"ENRICHED EGG WHITE PASTA, DUMPLINGS",357.0,14.29,1.79,71.43,3.6,3.57,36.0
"BEEF FLAVORED STOCK, BEEF",2.0,0.0,0.0,0.42,0.0,0.0,229.0
"ASSORTED BUBBLE GUM FILLED POPS, ASSORTED",389.0,0.0,0.0,94.44,0.0,72.22,0.0
"ALMOND TOASTED PIECES ORGANIC 55% CACAO DARK CHOCOLATE, ALMOND TOASTED PIECES",567.0,6.67,40.0,50.0,6.7,40.0,0.0
"BROWN GRAVY MIX, BROWN",333.0,0.0,8.33,66.67,0.0,0.0,5333.0
"ARTISAN SESAME SEEDS CRACKER SNACKS, ARTISAN SESAME SEEDS",433.0,10.0,13.33,73.33,10.0,3.33,450.0
"BABY SWISS CHEESE, BABY SWISS",393.0,25.0,32.14,0.0,0.0,0.0,446.0
"GARLIC ROMANO CHEESECRISPS, GARLIC ROMANO",421.0,21.05,15.79,63.16,5.3,5.26,632.0
"PARMESAN & GARLIC KETTLE CHIPS, PARMESAN & GARLIC",500.0,3.57,28.57,60.71,3.6,3.57,679.0
"LEMON & CRACKED PEPPERCORN WILD CAUGHT POLLOCK BREADED FISH FILLETS, LEMON & CRACKED PEPPERCORN",217.0,8.49,11.32,19.81,1.9,2.83,538.0
"ROSEMARY & OLIVE OIL SNACK SIZE ITALIAN BRUSCHETTA TOASTS, ROSEMARY & OLIVE OIL",500.0,12.5,18.75,68.75,6.2,6.25,812.0
"CHEDDAR CHEESE FLAVOR HOME STYLE JAPANESE NOODLES, YAKISOBA, CHEDDAR CHEESE YAKISOBA",480.0,10.66,21.31,60.39,5.3,3.55,995.0
"UNSALTED DRY ROASTED PEANUTS, UNSALTED DRY ROASTED",571.0,25.0,50.0,21.43,7.1,3.57,0.0
RED PEPPER & FETA GOURMET SPREAD,143.0,3.57,10.71,7.14,0.0,7.14,679.0
"PROSCIUTTO WRAPPED MOZZARELLA CHEESE PANINO, PROSCIUTTO",294.0,21.18,22.35,2.35,0.0,0.0,1082.0
"EUROPEAN STYLE FRENCH ROLLS, EUROPEAN STYLE",244.0,8.54,1.22,48.78,1.2,1.22,524.0
"PLAIN BAGELS, PLAIN",242.0,8.42,1.05,48.42,4.2,5.26,421.0
"HONEY GRAHAM CRACKERS, HONEY GRAHAM",419.0,6.45,12.9,77.42,3.2,22.58,403.0
"MULTI GRAIN TORTILLA CHIPS WITH SEA SALT, SEA SALT",464.0,7.14,25.0,60.71,7.1,3.57,411.0
"SPICY BUFFALO SEASONED CAULIFLOWER FLORETS, SPICY BUFFALO",53.0,1.06,2.13,7.45,2.1,2.13,447.0
RAISINS SEEDLESS,325.0,2.5,0.0,80.0,2.5,65.0,12.0
"FIRE ROASTED CHILE & GARLIC COARSE GROUND BLEND, FIRE ROASTED CHILE & GARLIC",0.0,0.0,0.0,0.0,0.0,0.0,31111.0
"SOUTHWEST SWEET 'N SMOKY SEASONING, SOUTHWEST SWEET 'N SMOKY",0.0,0.0,0.0,0.0,0.0,0.0,0.0
"LEMON BUTTER DILL FLAVORED SEAFOOD SAUCE, LEMON BUTTER DILL",345.0,0.0,31.03,13.79,0.0,13.79,655.0
PAPRIKA,0.0,0.0,0.0,0.0,0.0,0.0,0.0
"SEASONED WITH SPICES TENDERIZER, SEASONED WITH SPICES",0.0,0.0,0.0,0.0,0.0,0.0,40000.0
"CRISPY SOUTHERN NEW ORLEANS STYLE FISH FRI SEAFOOD BREADING MIX, CRISPY SOUTHERN NEW ORLEANS STYLE FISH FRI",294.0,5.88,0.0,70.59,0.0,0.0,3706.0
"RICE PILAF LONG GRAIN WHITE RICE AND ORZO PASTA LIGHTLY SEASONED WITH GARLIC, ONIONS AND BELL PEPPERS, RICE PILAF",368.0,8.77,0.88,77.19,1.8,1.75,1386.0
"SPICY MONGOLIAN NOODLE BOWL, SPICY MANGOLIAN",179.0,4.17,2.08,36.25,2.5,7.08,229.0
"HAM FLAVORED CONCENTRATE, HAM",0.0,0.0,0.0,0.0,0.0,0.0,24000.0
"PINEAPPLE FRUIT SPREAD, PINEAPPLE",263.0,0.0,0.0,63.16,0.0,63.16,0.0
CULTURED SOUR CREAM,200.0,3.33,16.67,6.67,0.0,3.33,50.0
"CRANBERRY ALMOND DRIED CRANBERRIES FRUIT CLUSTERS, CRANBERRY ALMOND",429.0,7.14,10.71,75.0,10.7,32.14,107.0
"GREEK YOGURT COVERED SWEETENED DRIED CRANBERRIES, GREEK YOGURT",467.0,3.33,20.0,70.0,3.3,70.0,33.0
"TURKEY BREAST MEDALLIONS & STUFFING WITH HOME STYLE MASHED POTATOES & GRAVY, TURKEY BREAST MEDALLIONS & STUFFING",91.0,6.27,2.09,12.27,0.8,0.78,499.0
"HOMEMADE VANILLA FLAVORED ICE CREAM, HOMEMADE VANILLA",200.0,4.62,10.77,21.54,0.0,21.54,69.0
"WHOLE GRAINS HEALTH NUT BREAD, WHOLE GRAINS HEALTH NUT",256.0,11.63,5.81,46.51,7.0,4.65,349.0
"COOKIES & CREME PROTEIN-RICH MEAL BAR, COOKIES & CREME",400.0,28.0,22.0,44.0,18.0,2.0,400.0
"ORIGINAL CAESAR DRESSING, ORIGINAL CAESAR",483.0,3.45,51.72,3.45,0.0,0.0,586.0
"VANILLA SWEETENED FLAVORED ARABICA SOLUBLE ICED COFFEE WITH SUGAR, VANILLA",393.0,3.57,0.0,89.29,0.0,85.71,0.0
"MILD CHEDDAR FINE CUT SHREDDED NATURAL CHEESE, MILD CHEDDAR",393.0,25.0,32.14,7.14,0.9,0.0,643.0
YELLOW CLING PEACH CHUNKS IN EXTRA LIGHT SYRUP,51.0,0.51,0.0,12.12,1.0,11.11,5.0
"ORIGINAL TURKEY BACON, ORIGINAL",179.0,14.29,14.29,0.0,0.0,0.0,964.0
"BUTTERY HOMESTYLE MASHED POTATOES, BUTTERY HOMESTYLE",393.0,7.14,8.93,71.43,3.6,7.14,1571.0
"PEPPER JACK NATURAL CHEESE, HONEY ROASTED PEANUTS & RAISINS SNACKS, PEPPER JACK, HONEY ROASTED",395.0,16.28,25.58,27.91,4.7,20.93,442.0
"MILD CHILI BEANS RED BEANS IN CHILI SAUCE, MILD CHILI BEANS",92.0,4.62,0.0,16.92,6.2,1.54,285.0
"TURKEY BOLOGNA, TURKEY",219.0,12.5,15.62,9.38,0.0,0.0,1188.0
FISH STICKS,250.0,10.71,10.71,28.57,1.2,2.38,607.0
"FOUR BERRY STRAWBERRIES, BLACKBERRIES, RASPBERRIES, CULTIVATED BLUEBERRIES MIX, FOUR BERRY",50.0,0.71,0.36,12.14,4.3,7.14,0.0
"HONEY BATTERED TENDERS SHAPED CHICKEN BREAST PATTIES WITH RIB MEAT , HONEY",247.0,11.76,15.29,14.12,0.0,3.53,424.0
"PORK POTSTICKERS TENDER DUMPLINGS FILLED WITH PORK AND FRESHLY CUT CABBAGE & GREEN ONIONS, PORK POTSTICKERS",222.0,7.41,9.88,23.46,1.2,3.7,432.0
"ORIGINAL POPS, ORIGINAL",400.0,0.0,0.0,100.0,0.0,73.33,0.0
"THE ORIGINAL SLIDERS HAMBURGERS, ORIGINAL",322.0,14.44,14.44,32.22,1.1,3.33,422.0
"APPLE, KALE & MANGO ORGANIC BLENDED FRUIT & VEGGIE SNACK, APPLE, KALE & MANGO",67.0,0.0,0.0,15.56,1.1,12.22,0.0
"SUPREMA PIZZA WITH SAUSAGE, MUSHROOMS, PEPPERONI, GREEN AND RED PEPPERS & ONIONS PIZZA FOR ONE, SUPREMA",237.0,5.33,10.65,28.4,1.2,2.37,527.0
"SAUSAGE & PEPPERONI PIZZA FOR ONE, SAUSAGE & PEPPERONI",256.0,6.41,12.18,30.13,1.3,1.92,577.0
"RAISIN BRAN CEREAL, RAISIN BRAN",317.0,8.33,1.67,80.0,11.7,26.67,217.0
"BLACK CHERRY PREMIUM ICE CREAM, BLACK CHERRY",195.0,2.3,9.2,26.44,0.0,19.54,80.0
REAL MAYONNAISE,714.0,0.0,78.57,0.0,0.0,0.0,607.0
"SOUTHWEST RANCH VEGGIE DIP, SOUTHWEST RANCH",367.0,3.33,33.33,6.67,0.0,3.33,633.0
"ITALIAN DRESSING, ITALIAN",290.0,0.0,25.81,12.9,0.0,9.68,1129.0
"FIVE CHEESE TEXAS TOAST, FIVE CHEESE",354.0,8.33,18.75,37.5,2.1,2.08,667.0
"OLD FASHIONED CARAMEL DIP, OLD FASHIONED CARAMEL",351.0,1.75,10.53,61.4,1.8,47.37,193.0
"MILD BANANA PEPPER RINGS, MILD",18.0,0.0,0.0,3.57,0.0,0.0,1179.0
"LIPTON, LOW CALORIE DIET ICED TEA MIX, LEMON NATURAL FLAVOR, LEMON NATURAL FLAVOR",250.0,0.0,0.0,50.0,0.0,0.0,0.0
"GRAPE CRANBERRY JUICE DRINK FROM CONCENTRATE, GRAPE CRANBERRY",47.0,0.0,0.0,12.54,0.0,12.54,24.0
"CRANBERRY MANGO DIET JUICE DRINK FROM CONCENTRATE, CRANBERRY MANGO",2.0,0.0,0.0,0.83,0.0,0.42,8.0
"CRANBERRY JUICE COCKTAIL FROM CONCENTRATE, CRANBERRY",42.0,0.0,0.0,10.83,0.0,10.0,4.0
"KEFIR LOW FAT CULTURED MILK, HONEY VANILLA",92.0,5.0,1.04,15.83,0.0,15.83,71.0
"PEANUT BUTTER & JELLY STUFF'D OAT BITES, PEANUT BUTTER & JELLY",405.0,8.11,16.22,62.16,5.4,24.32,135.0
"ORGANIC GREEN DEVOTION CELERY CUCUMBER SPINACH ROMAINE KALE LEMON PARSLEY VEGETABLE & FRUIT JUICE BLEND, GREEN DEVOTION",11.0,0.92,0.0,2.15,0.3,1.54,92.0
"CREAMY BACON SUGAR FREE DRESSING, CREAMY BACON",117.0,0.0,13.33,0.0,0.0,0.0,900.0
"WILD CHERRY FLAVORED JUICE DRINK, WILD CHERRY",28.0,0.0,0.0,7.34,0.0,7.34,3.0
"BLACK CHERRY FLAVORED CAFFEINE FREE SODA, BLACK CHERRY",48.0,0.0,0.0,12.96,0.0,12.68,10.0
"GINGER ALE, GINGER",36.0,0.0,0.0,9.72,0.0,9.72,10.0
"MOCHA COLD-BREW CONCENTRATED COFFEE, MOCHA",6.0,0.0,0.0,1.67,0.0,0.0,0.0
"MUSHROOM ALFREDO SAUCE, MUSHROOM",115.0,3.28,9.84,3.28,0.0,1.64,590.0
"HOMESTYLE THICK & HEARTY MUSHROOM PASTA SAUCE, HOMESTYLE THICK & HEARTY MUSHROOM",70.0,1.56,1.95,12.5,2.3,7.03,344.0
"LIGHT MAYONNAISE WITH OLIVE OIL, LIGHT",357.0,0.0,35.71,7.14,0.0,0.0,821.0
CALORIE FREE SWEETENER PACKETS,0.0,0.0,0.0,0.0,0.0,0.0,0.0
GARLIC & HERB SEASONING BLEND,0.0,0.0,0.0,0.0,0.0,0.0,0.0
"CHICKEN WITH PASTA FLAVORED SOUP MIX, CHICKEN",405.0,8.11,10.81,67.57,2.7,5.41,2486.0
"DEVILED HAM SPREAD, DEVILED HAM",297.0,14.06,25.0,1.56,0.0,0.0,797.0
"CALORIE FREE SWEET ONION DRESSING, SWEET ONION",0.0,0.0,0.0,0.0,0.0,0.0,800.0
"DARK CHOCOLATE FREEZE-DRIED STRAWBERRIES SNACK BITES, DARK CHOCOLATE FREEZE-DRIED STRAWBERRIES",500.0,3.33,33.33,56.67,6.7,43.33,0.0
"TURKEY BREAST, TURKEY",89.0,19.64,1.79,1.79,0.0,0.0,589.0
"LEMON PEPPER & GARLIC SAUCE & MARINADE, LEMON PEPPER & GARLIC",100.0,0.0,0.0,20.0,0.0,13.33,1733.0
"MIXED NUTS CASHEWS, ALMONDS, PECANS, BRAZIL NUTS, MACADAMIAS, MIXED NUTS",619.0,17.46,55.56,22.22,7.9,4.76,135.0
CLASSROOM VALENTINE HEARTS WITH CAND,400.0,0.0,0.0,100.0,0.0,66.67,0.0
HOLIDAY TREES CANDY,364.0,0.0,0.0,93.18,0.0,68.18,45.0
"70% CACAO EXTRA DARK CHOCOLATE WITH COCOA NIBS, COCOA NIBS",579.0,7.89,39.47,52.63,13.2,26.32,0.0
"100% JUICE, FLORIDA ORANGE",50.0,0.42,0.0,12.08,0.0,10.42,0.0
"LOFTHOUSE, SWIRLED FROSTED COOKIES, PUMPKIN PIE, PUMPKIN PIE",421.0,2.63,15.79,65.79,0.0,42.11,276.0
"CHEWY LEMONHEAD CANDY, BERRY AWESOME",366.0,0.0,0.0,91.55,0.0,71.83,21.0
"GOURMET DECORATED SHORTBREAD COOKIE, SHORTBREAD",400.0,6.0,20.0,62.0,0.0,38.0,330.0
"NACHO CHEESE FLAVORED TORTILLA CHIPS, NACHO CHEESE",530.0,3.53,31.8,60.07,3.5,0.0,565.0
"MAYFIELD DAIRY FARMS, SWEET TEA",0.0,0.0,0.0,0.0,0.0,0.0,4.0
CANDY CANES,417.0,0.0,0.0,100.0,0.0,83.33,0.0
"LOFTHOUSE, SWIRLED FROSTED SUGAR COOKIE, BLUE RASPBERRY, LEMONADE, BLUE RASPBERRY, LEMONADE",421.0,2.63,15.79,65.79,0.0,42.11,289.0
MILK CHOCOLATE,500.0,6.67,26.67,56.67,3.3,53.33,83.0
"BLACK CHERRY FLAVORED SPARKLING WATER, BLACK CHERRY",0.0,0.0,0.0,0.0,0.0,0.0,0.0
"ORIGINAL KETTLE COOKED POTATO CHIPS, ORIGINAL",4643.0,7.14,17.86,71.43,3.6,7.14,339.0
"CHOCOLATE CHIP COOKIES, CHOCOLATE CHIP",480.0,4.0,24.0,60.0,0.0,28.0,380.0
"50% CACAO DARK CHOCOLATE WITH CHERRY, CHERRY",533.0,6.67,33.33,50.0,10.0,46.67,0.0
"100% APPLE JUICE FROM CONCENTRATE, APPLE",46.0,0.0,0.0,10.83,0.0,10.83,4.0
CHOCOLATE PEANUT BUTTER MILK FLAVORING STRAWS,400.0,0.0,0.0,88.89,0.0,88.89,0.0
"SALTED PEANUTS, ALMONDS, CASHEWS, FILBERTS, PECANS MIXED NUTS, SALTED",607.0,21.43,53.57,17.86,7.1,3.57,304.0
"GOURMET RICE SNACKS, ROSEMARY, GARLIC & BALSAMIC VINEGAR, ROSEMARY, GARLIC & BALSAMIC VINEGAR",500.0,7.14,21.43,67.86,3.6,3.57,464.0
"TEA, WATERMELON",46.0,0.0,0.0,11.25,0.0,11.25,4.0
"PEACH NECTARINE FLAVORED SPARKLING WATER, PEACH NECTARINE",0.0,0.0,0.0,0.0,0.0,0.0,0.0
"BUTTER FLAVOR 94% FAT FREE MICROWAVE POPCORN, BUTTER",364.0,9.09,6.06,69.7,12.1,0.0,636.0
"WHOLE GRAIN MICROWAVE POPCORN, WHOLE GRAIN",455.0,9.09,24.24,57.58,12.1,0.0,788.0
"JUICE DRINK, STRAWBERRY AND GRAPE, STRAWBERRY AND GRAPE",5.0,0.0,0.0,1.0,0.0,1.0,38.0
"100% ORANGE JUICE FROM CONCENTRATE, ORANGE",46.0,0.83,0.0,11.25,0.0,9.58,6.0
GREEN PROBIOTIC GUT POWER,17.0,1.69,0.0,5.08,1.7,0.0,119.0
"GOURMET DECORATED SHORTBREAD COOKIE, SHORTBREAD",400.0,4.0,14.0,66.0,0.0,40.0,230.0
"MILK CHOCOLATE PETIT BEURRE BISCUITS, MILK CHOCOLATE",480.0,8.0,24.0,64.0,4.0,36.0,240.0
"DARK CHOCOLATE COVERED ALMONDS, DARK CHOCOLATE",525.0,10.0,40.0,45.0,10.0,30.0,0.0
"YELLOW POPCORN KERNELS, YELLOW",333.0,10.0,5.0,73.33,10.0,0.0,0.0
"MOVIE THEATER BUTTER POPCORN, MOVIE THEATER BUTTER",571.0,7.14,39.29,46.43,7.1,3.57,893.0
"LOFTHOUSE, COOKIES, HERSHEY'S CHOCOLATE CHIPS, HERSHEY'S CHOCOLATE CHIPS",457.0,5.71,20.0,65.71,2.9,37.14,400.0
DARK CHOCOLATES,579.0,7.02,38.6,47.37,5.3,42.11,35.0
"CHEESE SAUSAGE BALLS, CHEESE",354.0,13.41,25.61,13.41,0.0,1.22,671.0
FUDGE BARS,169.0,3.39,7.63,23.73,1.7,20.34,51.0
"MILD CHEDDAR CHEESE, MILD CHEDDAR",393.0,25.0,32.14,3.57,0.0,0.0,643.0
NONFAT MILK,33.0,3.33,0.0,5.0,0.0,5.0,54.0
GRADE A 2% MILK,54.0,3.33,2.08,5.0,0.0,5.0,54.0
"MILD CHEDDAR CHEESE STICKS, MILD CHEDDAR",393.0,25.0,32.14,3.57,0.0,0.0,714.0
"HICKORY SMOKED CHEDDAR CHEESE, HICKORY SMOKED CHEDDAR",393.0,25.0,32.14,3.57,0.0,0.0,643.0
"UNSWEETENED PLAIN GRADE A ORGANIC LOWFAT YOGURT, UNSWEETENED PLAIN",53.0,4.12,0.88,6.47,0.0,5.29,62.0
"STRAWBERRY ICE CREAM, STRAWBERRY",200.0,4.62,10.77,23.08,0.0,23.08,54.0
"RAINBOW MORNING O'S LIGHTLY SWEETENED CEREAL WITH WHOLE GRAIN GOODNESS, RAINBOW MORNING O'S WHOLE GRAIN",350.0,7.5,2.5,85.0,5.0,27.5,275.0
NO SALT ADDED UNROASTED ALMONDS,571.0,21.43,50.0,21.43,14.3,3.57,0.0
WHOLE STRAWBERRIES,36.0,0.71,0.0,9.29,2.1,4.29,0.0
"VANILLA FLAVORED INSTANT PUDDING, VANILLA",385.0,0.0,0.0,96.15,0.0,57.69,327.0
ORGANIC CACAO POWDER WITH MACA,417.0,33.33,0.0,66.67,33.3,0.0,0.0
"UBER GREENS VEGETABLE & FRUIT JUICE DRINK, UBER GREENS",15.0,0.42,0.0,3.38,0.0,1.69,21.0
"PULLED CHICKEN IN A HICKORY SMOKE FLAVORED BBQ SAUCE, HICKORY SMOKE",188.0,12.94,7.06,17.65,0.0,10.59,694.0
"SAUSAGE, EGG & CHEESE TACOS, SAUSAGE, EGG & CHEESE",243.0,9.56,13.24,21.32,0.7,0.74,596.0
"KROGER, LIVING WELL, MULTI-GRAIN CEREAL, CINNAMON, CINNAMON",375.0,9.38,3.12,81.25,6.2,25.0,422.0
FILLED DECORATED CHOCOLATE MINI BUNDT CAKES,368.0,3.77,19.81,47.17,1.9,33.02,415.0
"COOKIE MIX, PUMPKIN CHOCOLATE CHIP, PUMPKIN CHOCOLATE CHIP",378.0,5.41,4.05,81.08,2.7,48.65,284.0
QUESO BLANCO CHEESE,321.0,21.43,28.57,0.0,0.0,0.0,679.0
"COLBY JACK CHEESE, COLBY JACK",393.0,25.0,32.14,0.0,0.0,0.0,607.0
"HANNAFORD, MUFFIN MIX, BLUEBERRY, BLUEBERRY",405.0,4.76,8.33,73.81,2.4,38.1,548.0
ICING DECORATIONS,375.0,0.0,0.0,100.0,0.0,75.0,0.0
"TURKEY STOCK, TURKEY",4.0,0.41,0.0,0.82,0.0,0.41,200.0
"MINI DONUTS, BLUEBERRY",447.0,3.53,23.53,54.12,2.4,23.53,412.0
"HAM FLAVORED BROTH BASE & SEASONING, HAM",250.0,16.67,0.0,50.0,0.0,0.0,13167.0
BLACK EYED PEAS,286.0,22.86,2.86,62.86,17.1,2.86,0.0
"COLBY & MONTEREY JACK FINELY SHREDDED CHEESE BLEND, COLBY & MONTEREY JACK",393.0,21.43,32.14,3.57,0.0,0.0,643.0
"BUTTERMILK WAFFLES, BUTTERMILK",200.0,4.29,4.29,35.71,1.4,4.29,443.0
"WHITE AMERICAN DELUXE PASTEURIZED PROCESS AMERICAN CHEESE SLICES, WHITE AMERICAN",368.0,21.05,31.58,5.26,0.0,0.0,1263.0
"SWISS SLICED BABY CHEESE, SWISS",391.0,26.09,26.09,4.35,0.0,0.0,196.0
HOT COCOA MINI CUPCAKES,380.0,4.23,15.49,56.34,1.4,39.44,423.0
"AMERICAN PASTEURIZED PROCESS DELUXE SLICED CHEESE, AMERICAN",381.0,19.05,33.33,4.76,0.0,0.0,1667.0
CHEDDAR PORT WINE WITH REAL ALMONDS,387.0,16.13,29.03,16.13,0.8,12.9,613.0
GREEK STYLE FETA CHEESE,250.0,21.43,14.29,7.14,0.0,3.57,1214.0
"CHOCOLATE CHIP BROWNIE, CHOCOLATE CHIP",429.0,3.57,14.29,75.0,3.6,50.0,268.0
"VANILLA & CHOCOLATE CUPCAKES, VANILLA & CHOCOLATE",423.0,2.82,21.13,56.34,0.0,42.25,282.0
"NEW YORK-STYLE CHEESECAKE CUPS, SMOOTH AND CREAMY",310.0,5.95,21.43,25.0,0.0,21.43,286.0
"ICE CREAM, VANILLA",203.0,3.12,9.38,23.44,0.0,23.44,78.0
"DELUXE CHEDDAR SHELLS & CHEESE IN A CREAMY CHEESE SAUCE, DELUXE CHEDDAR",321.0,11.54,10.26,43.59,0.0,3.85,821.0
"SIGNATURE SMOKEHOUSE BOLOGNA, SIGNATURE SMOKEHOUSE",281.0,9.38,21.88,3.12,0.0,3.12,1125.0
"CREOLE GARLIC INJECTABLE MARINADE, CREOLE GARLIC",67.0,0.0,0.0,13.33,0.0,6.67,1867.0
"CAJUN GUMBO & RICE ENTREE MIX, CAJUN GUMBO & RICE",333.0,6.67,0.0,73.33,0.0,3.33,4067.0
RAINBOW TROUT FILLETS,141.0,18.82,7.06,0.0,0.0,0.0,35.0
RED QUINOA,378.0,13.33,5.56,64.44,0.0,4.44,0.0
"GRAPE JELLY, GRAPE",250.0,0.0,0.0,65.0,0.0,25.0,30.0
VEGETABLE SOUP WITH TOMATO,59.0,2.35,0.0,14.12,3.5,3.53,53.0
"CONCORD GRAPE PRESERVES, CONCORD GRAPE",250.0,0.0,0.0,65.0,0.0,45.0,25.0
"SMOKED SLICED HAM, SMOKED",143.0,16.07,4.46,5.36,0.0,1.79,1250.0
RAW TEXAS HONEY,286.0,0.0,0.0,80.95,0.0,76.19,0.0
COOKED EZ PEEL SHRIMP,94.0,21.18,1.18,0.0,0.0,0.0,224.0
"ICE CREAM, WHOOPIE PIES & SWEET CREAM, WHOOPIE PIES & SWEET CREAM",245.0,3.77,16.04,25.47,0.0,16.98,85.0
"CAPPUCCINO TRUFFLES, CAPPUCCINO",667.0,3.7,55.56,37.04,7.4,29.63,0.0
ORANGE CANDY SHRED,375.0,0.0,0.0,100.0,0.0,0.0,0.0
"CHICKEN LOW SODIUM BROTH, CHICKEN",8.0,0.8,0.4,0.4,0.1,0.0,56.0
"CHEDDAR CHEESE & BACON LOADED POTATO SKINS, CHEDDAR CHEESE & BACON",286.0,12.09,13.19,29.67,5.5,1.1,582.0
"SPAGHETTI GLUTEN FREE PASTA, SPAGHETTI",375.0,10.71,2.68,73.21,5.4,0.0,18.0
"PANCAKE MIX, RASPBERRY BUTTERMILK",357.0,10.71,4.46,69.64,1.8,16.07,1125.0
"THE DOUBLE PEPPERONI DOPPELBOCK ORIGINAL MOZZARELLA CHEESE, PEPPERONI AND PROVOLONE CHEESE PIZZA, THE DOUBLE PEPPERONI DOPPELBOCK",266.0,12.59,14.69,19.58,1.4,2.1,685.0
"DEVIL'S FOOD VEGAN MUFFIN, DEVIL'S FOOD",382.0,3.64,16.36,56.36,1.8,30.91,382.0
"BUTTERMILK COMPLETE PANCAKE & WAFFLE MIX, BUTTERMILK",361.0,9.84,3.28,70.49,1.6,14.75,1000.0
MANZANILLA OLIVES STUFFED WITH MINCED PIMIENTO,167.0,0.0,16.67,6.67,0.0,0.0,2200.0
"BUTTERMILK COMPLETE PANCAKE & WAFFLE MIX, BUTTERMILK",361.0,9.84,4.1,70.49,1.6,13.11,1016.0
"BANANA BABIES, MILK CHOCOLATE",217.0,3.33,10.0,30.0,1.7,23.33,25.0
"STUFFED TILAPIA WITH CRABMEAT AND SHRIMP, CRABMEAT AND SHRIMP",135.0,17.06,4.71,5.88,0.6,0.59,265.0
"SMOKY APPLEWOOD & CHEDDAR SMOKED SAUSAGE, SMOKY APPLEWOOD & CHEDDAR",273.0,13.64,22.73,7.58,1.5,1.52,939.0
"WHOLE BERRY CRANBERRY SAUCE, WHOLE BERRY CRANBERRY",157.0,0.0,0.0,40.0,1.4,31.43,14.0
"POLISH MINI SMOKED SAUSAGES, POLISH",268.0,16.07,21.43,1.79,0.0,0.0,714.0
"NACHO SLICED JALAPENOS, NACHO",16.0,0.0,0.0,3.23,0.0,0.0,1452.0
"TOASTED COCONUT VANILLA GREEK STRAINED YOGURT, TOASTED COCONUT VANILLA",107.0,7.33,3.0,13.33,0.0,12.0,30.0
"CREAMY CHICKEN SOUP WITH ONION, CELERY, CARROTS & WILD RICE, CREAMY CHICKEN AND WILD RICE",82.0,1.73,5.63,6.06,0.4,1.3,351.0
"SLIVERED ALMONDS DRIED CRANBERRIES & SUNFLOWER SEEDS, SWEET & SAVORY GARLIC BUTTER",455.0,9.09,31.82,45.45,9.1,27.27,409.0
"NEW ORLEANS SPICY CREOLE CREAM STYLE RED BEANS, NEW ORLEANS SPICY",108.0,6.92,1.15,18.46,4.6,0.77,369.0
"ORIGINAL CHILI MAKIN'S, ORIGINAL",77.0,3.85,0.38,14.62,4.6,2.31,531.0
"SMOKED SAUSAGE, JALAPENO PEPPER",321.0,14.29,28.57,1.79,0.0,0.0,821.0
"MILD SLICED JALAPENOS, MILD",17.0,0.0,0.0,3.33,0.0,3.33,1033.0
TAPIOCA PUDDING,94.0,2.35,1.76,17.65,0.0,14.12,47.0
"HAM & SWISS WITH SMOKED HAM, SWISS CHEESE & HONEY MUSTARD ON A PRETZEL BUN SANDWICH, HAM & SWISS",233.0,13.66,6.61,30.84,0.9,6.17,731.0
"BEEF SAUSAGES, SMOKED",357.0,14.29,32.14,0.0,0.0,0.0,821.0
"STRAWBERRY OVERNIGHT OATMEAL WITH GREEK YOGURT, STRAWBERRY",133.0,6.67,1.33,24.0,2.7,9.33,30.0
DEVILED EGG POTATO SALAD,171.0,2.86,10.0,19.29,1.4,6.43,286.0
"HALF & HALF , GREEN TEA WITH LEMONADE, LEMON, LEMON",21.0,0.42,0.0,5.0,0.0,5.0,6.0
SKEWERED VEGETABLE KABOBS,24.0,1.18,0.0,5.88,1.2,2.35,0.0
ORGANIC KETCHUP,94.0,0.0,0.0,18.75,0.0,12.5,1062.0
"JELLY TROPICAL, PINEAPPLE, MANGO & PASSION FRUIT",70.0,0.0,0.0,17.0,0.0,16.0,70.0
"VANILLA FLAVORED OLD FASHIONED ICE CREAM, VANILLA",211.0,2.82,11.27,25.35,0.0,19.72,85.0
"COOKIES 'N CREAM FIBER CRISPY SNACK BARS, COOKIES 'N CREAM",365.0,28.85,11.54,50.0,13.5,15.38,462.0
ORGANIC PEANUT SQUASH RAVIOLI,206.0,7.48,3.74,32.71,1.9,5.61,411.0
"SMOKED SALSA, MEDIUM",31.0,0.0,0.0,6.25,3.1,3.12,562.0
"MARSHMALLOW RICE TREATS, COOKIES & CREAM",447.0,2.35,11.76,82.35,0.0,37.65,376.0
"HOT BEEF POLISH SAUSAGE, HOT BEEF",338.0,11.69,29.87,3.9,0.0,1.3,1026.0
ORGANIC GROUND BEEF,265.0,17.7,20.35,0.0,0.0,0.0,71.0
"APPLE GINGER CIDER 100% JUICE FROM CONCENTRATE & PUREE, APPLE GINGER",50.0,0.0,0.0,12.08,0.0,12.08,12.0
"CARAMEL APPLE DREAM CAFFEINE FREE HERBAL TEA BAGS, CARAMEL APPLE DREAM",0.0,0.0,0.0,0.0,0.0,0.0,0.0
"ENRICHED MACARONI PRODUCT, OVEN READY ELBOWS",357.0,16.07,1.79,67.86,3.6,1.79,18.0
150 CALORIES THIN SPAGHETTI,268.0,10.71,1.79,75.0,23.2,3.57,71.0
EXTRA BROAD ENRICHED EGG WHITE PASTA,357.0,14.29,1.79,71.43,3.6,3.57,36.0
"BEEF SAUSAGE HARDWOOD-SMOKED SNACK BITES, BEEF SAUSAGE",300.0,16.67,23.33,3.33,0.0,3.33,1067.0
ENRICHED TOMATO AND SPINACH MACARONI PRODUCT RAINBOW TWIRLS,357.0,12.5,1.79,73.21,3.6,3.57,18.0
PEANUT CARAMEL CLUSTERS,481.0,11.11,25.93,55.56,7.4,44.44,133.0
"MOIST YELLOW CELEBRATION CAKE WITH SWEET WHIPPED ICING, SWEET WHIPPED ICING",337.0,3.49,16.28,46.51,0.0,32.56,395.0
"ORIGINAL OATNUT BREAD, ORIGINAL OATNUT",289.0,7.89,5.26,50.0,2.6,7.89,395.0
"TIRAMISU MADE WITH CREAM & ESPRESSO-DIPPED LADYFINGERS, TIRAMISU",235.0,3.53,11.76,29.41,1.2,24.71,47.0
"OLD FASHION SPREADABLE CHEESE, CHIPOTLE PEPPERS",393.0,14.29,32.14,10.71,0.0,10.71,571.0
BATTERED WHOLE GREEN BEANS,200.0,2.35,12.94,22.35,2.4,1.18,882.0
GRILLED CHICKEN BITES WITH SWEET CHILI SAUCE,152.0,16.3,2.72,13.04,0.0,11.96,717.0
THICK CUT SWEET GLAZE BACON,529.0,35.29,41.18,5.88,0.0,5.88,1765.0
GRAHAM PIE CRUST,524.0,4.76,28.57,57.14,0.0,23.81,333.0
PURE GHEE,900.0,0.0,100.0,0.0,0.0,0.0,0.0
GROUND BEEF,304.0,16.96,26.79,0.0,0.0,0.0,67.0
"STRAWBERRY FRUIT SPREAD, STRAWBERRY",200.0,0.0,0.0,40.0,0.0,40.0,0.0
"FARFALLE TRICOLOR, TRADITIONAL ARTISANAL PASTA",375.0,12.5,1.79,73.21,1.8,3.57,0.0
MINI MARSHMALLOWS,333.0,3.33,0.0,80.0,0.0,53.33,50.0
COLOR YOUR MOUTH DIPPER CANDY,357.0,0.0,0.0,95.24,0.0,95.24,0.0
SLIVERED ALMONDS,579.0,21.05,49.12,21.05,12.3,3.51,0.0
ALL NATURAL 100% PURE APPLE JUICE,46.0,0.0,0.0,12.08,0.0,12.08,4.0
"SOFT & CHEWY CANDY, BLACK LIQUORICE",316.0,2.63,2.63,73.68,2.6,21.05,118.0
POTATO CHIPS,536.0,7.14,25.0,67.86,10.7,0.0,321.0
"GT'S, ORGANIC RAW ENLIGHTENED KOMBUCHA, CITRUS, CITRUS",375.0,0.0,0.0,87.5,0.0,25.0,125.0
"MEGA SMOKED HAM & CHEESE SANDWICH, MEGA SMOKED HAM & CHEESE",184.0,14.53,5.59,21.23,1.1,4.47,955.0
"EASTER FLOWER CANDY, FRUIT",400.0,0.0,0.0,86.67,0.0,80.0,0.0
CUT GREEN BEANS,17.0,0.83,0.0,3.33,1.7,1.67,242.0
"SALSA RANCH DRESSING & DIP MIX, SALSA RANCH",357.0,0.0,0.0,71.43,0.0,0.0,8571.0
"BEE'S KNEES HONEY GARLIC WING SAUCE, BEE'S KNEES",167.0,0.0,0.0,40.0,0.0,33.33,933.0
"STEAM QUICK FRESH FROZEN SIDE DISH, CHEESY RICE AND BROCCOLI",84.0,4.21,1.58,13.68,1.1,2.11,379.0
PREMIUM LIMEADE,30.0,0.0,0.0,7.59,0.0,7.17,1.0
"SPINACH & RICOTTA RAVIOLI, SPINACH & RICOTTA",243.0,9.71,7.77,32.04,3.9,0.97,495.0
"SCOOP CORN CHIPS, CORN",536.0,7.14,39.29,50.0,3.6,0.0,375.0
TOMATILLO BRAISED PORK,114.0,7.5,2.86,14.29,1.8,2.14,329.0
ETOUFFEE BASE,79.0,0.79,5.91,5.91,0.4,0.39,602.0
"ORGANIC SANDWICH, VEGGIE SALAD",141.0,4.04,5.05,19.7,2.5,4.04,490.0
SOURSOP IN SYRUP,83.0,0.0,0.0,20.0,0.0,16.67,0.0
"VEGETABLE BROTH, VEGETABLE",4.0,0.0,0.0,1.22,0.0,0.82,327.0
"STRAWBERRY POPPYSEED GREEK YOGURT DRESSING, STRAWBERRY POPPYSEED",200.0,3.33,10.0,23.33,0.0,20.0,450.0
"ORIGINAL MASHED POTATOES, ORIGINAL",364.0,9.09,0.0,77.27,4.5,4.55,68.0
"CHOCOLATE CREME FILLED CUPCAKES, CHOCOLATE",351.0,3.51,10.53,61.4,1.8,45.61,544.0
"CINNAMON MINI DONUTS, CINNAMON",412.0,4.71,18.82,57.65,2.4,28.24,412.0
"OATMEAL CREMES FILLED OATMEAL COOKIES, OATMEAL",464.0,3.57,21.43,64.29,3.6,28.57,375.0
"SAVORY ONION SAVORY DICED ONIONS AND CREAMY WHIPPED POTATOES, FOLDED IN A PASTA SHELL PIEROGIES, SAVORY ONION",140.0,4.39,1.75,27.19,0.9,0.88,298.0
"HOT PICKLED JALAPENO SLICES, HOT",17.0,0.0,0.0,3.33,0.0,3.33,1033.0
"ICED GINGERBREAD, ICED",412.0,2.94,11.76,70.59,2.9,35.29,235.0
"LIGHT EGG NOG, LIGHT",117.0,4.17,3.75,17.5,0.0,15.83,75.0
"GOURMET BLUEBERRY MUFFINS, BLUEBERRY",404.0,4.04,20.2,47.47,1.0,27.27,323.0
"VANILLA FLAVORED MIDGEES, VANILLA",364.0,0.0,7.58,72.73,0.0,54.55,30.0
"FIRECRACKER SPICY SAUSAGE, SPICY",305.0,14.63,25.61,3.66,0.0,1.22,659.0
"VANILLA KEMPSWICH ICE CREAM WITH CHOCOLATE CHIPS BETWEEN CHOCOLATE CHIP COOKIES, VANILLA",344.0,4.17,15.62,47.92,1.0,33.33,146.0
"CARAMEL COW TRACKS CARAMEL FILLED FUDGE COWS AND CARAMEL SWIRLS IN CARAMEL FLAVORED ICE CREAM, CARAMEL COW TRACKS",227.0,3.03,10.61,31.82,0.0,24.24,129.0
"MACARONI PRODUCT, FETTUCCINE",357.0,10.71,1.79,75.0,3.6,3.57,0.0
LEMONADE,50.0,0.0,0.0,12.08,0.0,10.83,4.0
JUMBO POPPING PREMIUM POPCORN,364.0,9.09,4.55,69.7,15.2,0.0,0.0
CITRUS SALAD IN EXTRA LIGHT SYRUP,56.0,0.79,0.0,12.7,0.8,11.11,0.0
"POTATO MINI GNOCCHI, POTATO",157.0,3.57,0.0,35.71,1.4,0.0,293.0
"CHEDDAR & SOUR CREAM FLAVORED RIPPLES POTATO CHIPS, CHEDDAR & SOUR CREAM",536.0,7.14,32.14,53.57,3.6,3.57,679.0
ORGANIC CUT GREEN BEANS,36.0,1.2,0.0,7.23,2.4,3.61,0.0
"FUDGE CHOCOLATE PREMIUM CREME FILLED COOKIES, FUDGE CHOCOLATE",487.0,5.13,23.08,69.23,2.6,35.9,308.0
"SPINACH ARTICHOKE DIP, SPINACH ARTICHOKE",136.0,6.06,7.58,9.09,3.0,3.03,788.0
"CREAM CHEESE STUFFED BREADED JALAPENOS, CREAM CHEESE",275.0,5.0,17.5,27.5,1.2,1.25,750.0
"LEMON DIET ICED TEA, LEMON",0.0,0.0,0.0,0.0,0.0,0.0,0.0
"BALSAMIC ORGANIC VINEGAR OF MODENA, BALSAMIC",100.0,0.0,0.0,20.0,0.0,13.33,0.0
"ORIGINAL CANOLA OIL AND FIRST COLD PRESS EXTRA VIRGIN OLIVE OIL, ORIGINAL",800.0,0.0,93.33,0.0,0.0,0.0,0.0
"EXTREME NUT & FRUIT GRANOLA, EXTREME NUT & FRUIT",467.0,6.67,23.33,60.0,6.7,20.0,50.0
"SEASONED & FULLY COOKED PULLED PORK WITH JACK DANIEL'S TENNESSEE WHISKEY BBQ SAUCE, JACK DANIEL'S TENNESSEE WHISKEY BBQ SAUCE",264.0,13.57,14.29,20.0,0.0,17.86,536.0
CHOPPED ONIONS,35.0,1.18,0.0,8.24,1.2,4.71,18.0
"STONE FIRED THREE MEAT PIZZA PEPPERONI, ITALIAN SAUSAGE & BACON WITH A BLEND OF THREE CHEESES, STONE FIRED THREE MEAT PIZZA",250.0,15.85,17.07,17.07,10.4,1.22,726.0
DELUXE WHOLE GREEN BEANS,42.0,1.2,0.0,8.43,2.4,3.61,0.0
"SOUTHERN CLASSICS BUTTER BEANS, SOUTHERN CLASSICS",132.0,7.89,0.0,25.0,5.3,1.32,7.0
CUT GREEN BEANS,37.0,1.23,0.0,8.64,2.5,3.7,0.0
"SALTED DELUXE ROASTED MIXED NUTS CASHEWS, ALMONDS, HAZELNUTS, PECANS AND BRAZIL NUTS, SALTED DELUXE ROASTED MIXED NUTS",679.0,17.86,57.14,21.43,7.1,3.57,321.0
"ORGANIC MAPLE SYRUP, MAPLE",333.0,0.0,0.0,88.33,0.0,88.33,0.0
CONDENSED CLAM CHOWDER,83.0,6.67,1.67,10.83,0.8,1.67,825.0
"SIMPLY VEGETABLE HOMESTYLE STOCK, HOMESTYLE",2.0,0.0,0.0,0.83,0.0,0.42,42.0
"FRUIT JUICE BEVERAGE, WATERMELON SUPREME, WATERMELON SUPREME",42.0,0.0,0.0,10.83,0.0,10.42,4.0
VITAMIN D WHOLE MILK,62.0,3.33,3.33,5.0,0.0,5.0,52.0
"CHOCOLATE PEANUT BUTTER BAR, CHOCOLATE PEANUT BUTTER",350.0,33.33,10.0,41.67,6.7,20.0,333.0
"PEACH NECTAR FROM CONCENTRATE, PEACH NECTAR",50.0,0.0,0.0,12.5,0.4,12.08,17.0
SENCHA GREEN TEA,0.0,0.0,0.0,0.0,0.0,0.0,0.0
HALF AND HALF ULTRA-PASTEURIZED,133.0,3.33,10.0,3.33,0.0,3.33,50.0
"ORGANIC MORNING PROTEIN SMOOTHIE, PEACH ORANGE YOGURT",83.0,3.21,0.0,16.67,2.6,11.54,19.0
ULTRA-PASTEURIZED HEAVY CREAM,333.0,0.0,33.33,6.67,0.0,0.0,0.0
"CAFFEINE FREE DIET GINGERALE, GINGER",0.0,0.0,0.0,0.0,0.0,0.0,10.0
HONEY MUSTERED DRESSING,200.0,0.0,11.67,20.0,0.0,16.67,317.0
PINK VODKA SAUCE,175.0,2.5,7.5,20.0,7.5,25.0,1425.0
GOURMET WILDCAT SAUCE,200.0,0.0,0.0,40.0,0.0,40.0,0.0
"SMOKY CHIPOTLE PEPPER HOT SAUCE, SMOKY CHIPOTLE PEPPER",0.0,0.0,0.0,20.0,0.0,20.0,900.0
"CLASSIC ITALIAN SALAD DRESSING, CLASSIC ITALIAN",50.0,0.0,0.0,13.33,0.0,10.0,700.0
"FOUR CHEESE ROSA SAUCE, FOUR CHEESE ROSA",175.0,3.17,15.87,7.94,0.0,3.17,508.0
BALSAMIC VINEGAR,67.0,0.0,0.0,20.0,0.0,20.0,0.0
"ORIGINAL SYRUP, ORIGINAL",333.0,0.0,0.0,86.67,0.0,56.67,133.0
"HONEYCRISP APPLE JUICE, HONEYCRISP",46.0,0.0,0.0,11.67,0.4,10.0,4.0
"CAPRESE WITH BASIL, MOZZARELLA & SUN-DRIED TOMATOES CHICKEN SAUSAGE, CAPRESE",183.0,18.31,9.86,2.82,1.4,1.41,746.0
"HONEY INFUSED BALSAMIC VINEGAR, HONEY",67.0,0.0,0.0,20.0,0.0,13.33,33.0
"100% PREMIUM TART CHERRY JUICE FROM CONCENTRATE, TART CHERRY",42.0,0.0,0.0,12.92,0.0,8.75,19.0
"CRANBERRY GRAPE FLAVORED JUICE COCKTAIL FROM CONCENTRATE, CRANBERRY GRAPE",42.0,0.0,0.0,11.25,0.0,10.83,21.0
"100% CRANBERRY POMEGRANATE FLAVORED JUICE BLEND FROZEN CONCENTRATE, CRANBERRY POMEGRANATE",217.0,0.0,0.0,51.67,0.0,48.33,42.0
"SOY SAUCE, SOY",67.0,13.33,0.0,6.67,0.0,0.0,6133.0
"EXTRA LIGHT TASTE OLIVE OIL, EXTRA LIGHT",800.0,0.0,93.33,0.0,0.0,0.0,0.0
"ALOE VERA JUICE DRINK, GUAVA",28.0,0.0,0.0,6.8,0.0,6.8,14.0
"LITE HALF & HALF ICED TEA LEMONADE, LITE HALF & HALF",21.0,0.0,0.0,5.83,0.0,5.42,4.0
"RANCH GREEK YOGURT DRESSING, RANCH",200.0,6.67,16.67,6.67,0.0,0.0,800.0
"ROASTED RED PEPPER HUMMUS, ROASTED RED PEPPER",250.0,7.14,17.86,14.29,3.6,0.0,446.0
"ORGANIC SWEETENED SEASONED RICE VINEGAR, SWEETENED, SEASONED",100.0,0.0,0.0,26.67,0.0,20.0,1467.0
"FRESH MOZZARELLA PEARLS, MOZZARELLA",250.0,17.86,17.86,3.57,0.0,0.0,304.0
"MILD PEANUT SATAY DIPPING & ALL PURPOSE SAUCE, MILD PEANUT SATAY",300.0,3.33,20.0,26.67,3.3,20.0,767.0
"CREAMY BACON DRESSING, CREAMY BACON",0.0,0.0,0.0,0.0,0.0,0.0,667.0
"PINK GRAPEFRUIT FLAVORED CARBONATED MINERAL WATER, PINK GRAPEFRUIT",0.0,0.0,0.0,0.0,0.0,0.0,0.0
"ZESTY LIME SPARKLING NATURAL SPRING WATER, ZESTY LIME",0.0,0.0,0.0,0.0,0.0,0.0,0.0
"SANTA FE-STYLE RICE & BEANS IN A SOUR CREAM & MILD CHILE SAUCE, SANTA FE-STYLE RICE & BEANS",102.0,3.74,1.53,18.37,0.7,2.38,180.0
"BEEF POT ROAST WITH ROASTED POTATOES, CARROTS, SWEET ONIONS, GREEN BEANS AND A RICH GRAVY, BEEF POT ROAST",82.0,5.49,2.35,9.41,1.2,2.75,251.0
"SHRIMP & ANGEL HAIR PASTA IN A CREAMY WINE SAUCE, SHRIMP & ANGEL HAIR PASTA",102.0,4.95,1.59,17.31,1.1,1.41,194.0
"LIVELY LEMON NATURAL SPARKLING SPRING WATER, LIVELY LEMON",0.0,0.0,0.0,0.0,0.0,0.0,0.0
"SMOKED PEANUTS, SMOKED",571.0,25.0,50.0,17.86,7.1,3.57,750.0
"MIXED NUTS CASHEWS, ALMONDS, HAZELNUTS, PISTACHIOS, PECANS, MIXED NUTS",607.0,17.86,50.0,25.0,7.1,3.57,286.0
"OATMEAL RAISIN MINI TREATS, OATMEAL RAISIN",400.0,15.0,17.5,55.0,10.0,30.0,200.0
"CREAMY MILK CHOCOLATE WITH CRISPED RICE BARS, CREAMY MILK CHOCOLATE WITH CRISPED RICE",513.0,5.13,25.64,66.67,2.6,56.41,141.0
"CHOCOLATE NUT PROTEIN MIX, CHOCOLATE NUT",531.0,21.88,34.38,37.5,9.4,25.0,250.0
"GOURMET DECORATED SHORTBREAD COOKIE, SHORTBREAD",380.0,6.0,10.0,62.0,0.0,38.0,220.0
NEW YORK STYLE CHEESECAKE,288.0,4.0,15.2,35.2,0.8,25.6,328.0
"SHAVED ASIAGO CHEESE, ASIAGO",393.0,28.57,28.57,7.14,3.6,0.0,1071.0
BROCCOLI BOUQUET,35.0,2.35,0.0,7.06,2.4,1.18,35.0
"SLICE, VANILLA",351.0,8.77,4.39,71.93,5.3,12.28,263.0
WHOLE KERNEL SWEET CORN,48.0,0.8,0.4,7.2,0.8,1.6,160.0
"STRAWBERRY FRUIT BAR, STRAWBERRY",351.0,1.75,5.26,73.68,7.0,40.35,158.0
VEGETABLE GYOZA DUMPLINGS,203.0,6.08,9.46,22.3,2.0,2.03,378.0
"FUEGO HOT CHILI PEPPER & LIME CORN SNACK STICKS, FUEGO",536.0,7.14,35.71,53.57,3.6,3.57,893.0
"FRENCH STYLE GREEN BEANS, FRENCH STYLE",12.0,0.83,0.0,2.5,0.8,0.83,242.0
"CHOCOLATEY CHIP WAFFLES, CHOCOLATEY CHIP",286.0,5.71,10.0,45.71,1.4,12.86,529.0
"GARLIC & HERBS FRESH GOAT CHEESE, GARLIC & HERBS",250.0,17.86,17.86,7.14,0.0,3.57,268.0
CHILI MANGO,350.0,0.0,0.0,82.5,2.5,45.0,550.0
"FLAUTAS, CHICKEN AND CHEESE",180.0,8.0,5.0,25.0,1.0,3.0,550.0
"ULTRA PREMIUM ICE CREAM, CHOCOLATE CITY",259.0,3.53,16.47,25.88,1.2,22.35,94.0
"CINNAMON CRUMB CAKE BAKERY DELIGHTS BARS, CINNAMON CRUMB CAKE",400.0,5.0,15.0,67.5,2.5,35.0,262.0
"FROSTED GREEN APPLE TOASTER PASTRIES, FROSTED GREEN APPLE",380.0,4.0,9.0,72.0,2.0,32.0,320.0
"SOUR PICKLES, SOUR",18.0,0.0,0.0,3.57,0.0,3.57,1321.0
"SWEET RELISH, SWEET",133.0,0.0,0.0,33.33,0.0,26.67,1133.0
1% LOW FAT SMALL CURD COTTAGE CHEESE,71.0,10.62,0.88,5.31,0.0,3.54,354.0
"KOSHER DILL SPEARS, KOSHER DILL",18.0,0.0,0.0,3.57,0.0,0.0,929.0
PEPPERONI,500.0,21.43,46.43,3.57,0.0,3.57,1821.0
"UNSWEETENED ORGANIC COCONUT MILK, UNSWEETENED",175.0,1.25,17.5,2.5,0.0,1.25,25.0
WHOLE VITAMIN D MILK,62.0,3.33,3.33,5.0,0.0,4.58,50.0
16 UGLY SWEATER COOKIES,405.0,5.41,13.51,70.27,0.0,35.14,189.0
CHOCOLATE CHIP COOKIE DOUGH,350.0,25.0,12.5,50.0,15.0,12.5,262.0
"CHICKEN VIENNA SAUSAGES, CHICKEN",193.0,12.28,17.54,1.75,0.0,0.0,807.0
"ARTICHOKE HEARTS & CHEESE WRAPPED IN THIN PASTA RAVIOLI, ARTICHOKE",262.0,7.77,10.68,33.98,2.9,1.94,524.0
"ANTIOXIDANT ALMONDS, DRIED SWEETENED CRANBERRIES & BLUEBERRIES, CASHEWS & PEPITAS MIX, ANTIOXIDANT",500.0,10.71,28.57,50.0,7.1,35.71,0.0
"BLUEBERRY LIGHT NONFAT YOGURT, BLUEBERRY",47.0,4.12,0.0,8.82,1.8,4.71,50.0
"MINT COW TRACKS CHOCOLATY MINT COWS SWIRLED WITH THICK FUDGE IN MINT ICE CREAM, MINT COW TRACKS",273.0,3.03,15.15,30.3,1.5,25.76,98.0
"FRENCH VANILLA FLAVORED OLD FASHIONED ICE CREAM, FRENCH VANILLA",225.0,4.23,9.86,26.76,0.0,21.13,85.0
CHIA MILLED SEEDS,500.0,16.67,30.0,43.33,33.3,0.0,17.0
"DOUBLE FUDGE BROWNIE FLAVORED EVERYDAY PERFORMANCE PROTEIN BARS, DOUBLE FUDGE BROWNIE",381.0,31.75,11.11,44.44,11.1,12.7,214.0
"GRAPE, ORANGE & CHERRY ICE POPS, GRAPE, ORANGE & CHERRY",73.0,0.0,0.0,18.79,0.0,18.18,3.0
"STRAWBERRY GOLDEN SPONGE CAKE WITH CREAMY FILLING, STRAWBERRY",364.0,2.6,12.99,55.84,0.6,36.36,494.0
MAYOCOBA BEANS,257.0,20.0,1.43,65.71,25.7,2.86,0.0
"100% WHOLE WHEAT MACARONI PRODUCT, PENNE RIGATE",357.0,10.71,2.68,75.0,7.1,3.57,0.0
"ALBACORE CHUNK WHITE TUNA IN WATER, ALBACORE CHUNK WHITE",114.0,25.71,0.71,0.0,0.0,0.0,314.0
WHIPPED CREAM CHEESE SPREAD,238.0,4.76,21.43,9.52,0.0,4.76,429.0
"ORIGINAL SOFT AUSTRALIAN LIQUORICE, ORIGINAL",333.0,3.33,3.33,73.33,0.0,33.33,100.0
"DARK CHOCOLATE ALMONDMILK, DARK CHOCOLATE",44.0,0.68,1.01,8.11,0.3,7.09,101.0
"CHILI REDUCED SODIUM SEASONING MIX, CHILI",333.0,11.11,5.56,66.67,11.1,0.0,2889.0
"DARK CHOCOLATE CHIP GRANOLA COOKIE CLUSTERS, DARK CHOCOLATE CHIP",500.0,10.0,20.0,66.67,6.7,26.67,183.0
"CHOCOLATE CHIP FROZEN YOGURT, CHOCOLATE CHIP",200.0,3.08,6.15,33.85,0.0,26.15,85.0
BOIL IN BAG WHITE RICE,378.0,8.89,0.0,82.22,2.2,0.0,0.0
"FRUIT & GRAIN APPLE CINNAMON CEREAL BARS, FRUIT & GRAIN APPLE CINNAMON",351.0,2.7,8.11,64.86,2.7,32.43,230.0
MUSHROOM RAVIOLI,234.0,9.35,6.54,37.38,5.6,0.93,411.0
"FRUIT & GRAIN CEREAL BARS, MIXED BERRY",378.0,5.41,6.76,72.97,5.4,32.43,257.0
"BREAD & BUTTER SWEET SLICES, BREAD & BUTTER",89.0,0.0,0.0,21.43,0.0,17.86,607.0
DARK SWEET PITTED CHERRIES,50.0,0.71,0.0,12.14,1.4,8.57,0.0
"BREAD & BUTTER SUGAR FREE SWEET SLICES, BREAD & BUTTER",0.0,0.0,0.0,3.57,0.0,0.0,429.0
"SUMMER BERRY YOGURT SMOOTHIE, BERRY",77.0,3.21,0.0,16.03,1.3,12.18,10.0
FAT FREE MILK,38.0,3.33,0.0,5.42,0.0,5.0,54.0
"DICED TOMATOES WITH GREEN CHILIES, GREEN CHILIES",21.0,0.83,0.0,4.13,0.8,2.48,231.0
"MILD DICED TOMATOES & GREEN CHILIES, MILD",17.0,0.83,0.0,3.31,0.8,2.48,248.0
"CHOCOLATE ECLAIR FLAVORED CENTER IN ARTIFICIALLY FLAVORED VANILLA FROZEN DAIRY DESSERT ROLLED IN CAKE PIECES, CHOCOLATE ECLAIR",254.0,3.17,9.52,38.1,0.0,22.22,103.0
"100% WHOLE WHEAT BREAD, 100% WHOLE WHEAT",250.0,10.0,2.5,47.5,7.5,7.5,500.0
"CHOCOLATE NON-DAIRY ALMOND BEVERAGE, CHOCOLATE",42.0,0.42,1.04,8.33,0.0,7.5,71.0
"CHOCOLATE & VANILLA FLAVORED ICE CREAM SANDWICHES, CHOCOLATE & VANILLA",267.0,5.0,10.0,41.67,1.7,21.67,167.0
"CHOCOLATE CHIP REDUCED FAT ICE CREAM, CHOCOLATE CHIP",188.0,4.71,5.88,28.24,0.0,21.18,88.0
"ATLANTIC SALMON FILLET, APPLE CRANBERRY",116.0,14.29,4.46,2.68,0.0,1.79,179.0
"ROASTED TURKEY FLAVORED GRAVY, ROASTED TURKEY",23.0,0.0,0.78,3.12,0.0,1.56,344.0
"HORSERADISH CHEDDAR PASTEURIZED PROCESS CHEESE, HORSERADISH CHEDDAR",357.0,21.43,28.57,7.14,0.0,3.57,1536.0
"COOKIES & CREAM ICE CREAM IN A SUGAR CONE DIPPED IN A CHOCOLATE FLAVORED COATING TOPPED WITH COOKIE PIECES MINI SUNDAE CONES, COOKIES & CREAM",326.0,4.35,17.39,41.3,0.0,23.91,163.0
BUN LENGTH FRANKS,250.0,7.14,21.43,7.14,0.0,5.36,1036.0
"CARAMEL DIPPED SHORTBREAD COOKIES, CARAMEL DIPPED",500.0,3.57,21.43,71.43,0.0,35.71,304.0
"PLAIN GREEK STRAINED NONFAT YOGURT, PLAIN",59.0,10.59,0.0,3.53,0.0,3.53,32.0
"CHOCOLATE CHIP COOKIE DOUGH FLAVORED ICE CREAM WITH COOKIE DOUGH PIECES AND CHOCOLATE FLAKES, CHOCOLATE CHIP COOKIE DOUGH",227.0,3.03,10.61,31.82,0.0,22.73,76.0
"TURKEY HARDWOOD-SMOKED TWISTED LINK SAUSAGE STICK, TURKEY",268.0,23.94,18.31,5.63,0.0,2.82,1113.0
"ORIGINAL MACADAMIA MILK, ORIGINAL",29.0,0.42,2.08,2.92,0.4,2.5,44.0
"SAUCED CHEESY PASTA & BROCCOLI, SAUCED",108.0,4.58,2.61,16.34,1.3,0.65,353.0
"CINNA-APPLE WALNUT WITH REAL APPLES INSTANT HOT CEREAL, CINNA-APPLE WALNUT WITH REAL APPLES",371.0,5.71,0.0,80.0,2.9,31.43,371.0
NO SALT ADDED DARK RED KIDNEY BEANS,85.0,5.38,0.38,15.38,5.4,0.77,8.0
"NEW ENGLAND STYLE POWER BLEND OF WHOLE GRAINS, LENTILS, RED BEANS, CUT GREEN BEANS, CORN AND DICED POTATOES WITH A CREAMY GARLIC PARMESAN SAUCE, NEW ENGLAND STYLE POWER BLEND",119.0,5.03,1.57,22.01,5.3,2.2,286.0
"DUNKSTERS, CREME FILLED GOLDEN SANDWICH COOKIES, CREME FILLED",471.0,2.94,20.59,73.53,0.0,38.24,294.0
"APPLE CINNAMON SOFT BAKED SQUARES WITH FRUIT FILLING, APPLE CINNAMON",350.0,5.0,7.5,70.0,8.3,25.0,217.0
CLASSIC WHITE ULTRA-FILTERED MILK,46.0,3.86,1.93,3.14,0.0,3.14,51.0
"STRAWBERRIES & BANANA BLEND, STRAWBERRIES & BANANA",57.0,0.71,0.0,13.57,2.1,7.86,0.0
DIPPED MACAROONS,438.0,3.12,25.0,50.0,6.2,40.62,94.0
"TURKEY AVOCADO CLUB WITH TURKEY, AVOCADO, CHEDDAR CHEESE & BACON ON SOURDOUGH BREAD SANDWICH, TURKEY AVOCADO CLUB",248.0,15.6,9.17,22.94,0.5,0.92,775.0
90% LEAN 10% FAT ORGANIC GROUND BEEF,179.0,19.64,9.82,0.0,0.0,0.0,67.0
HEAVY WHIPPING CREAM,333.0,0.0,33.33,6.67,0.0,0.0,33.0
"SWEET TAMALE, SWEET",236.0,1.82,8.18,40.0,3.6,14.55,41.0
"HICKORY SMOKED BONELESS HICKORY HILLS HAM, HICKORY SMOKED",107.0,16.67,2.38,5.95,0.0,3.57,929.0
WHOLE MILK,62.0,3.33,3.33,4.58,0.0,4.58,50.0
"PRETZEL SLIDER BUNS, PRETZEL",314.0,8.57,5.71,57.14,2.9,5.71,629.0
"GARLIC & HERB SEASONING, GARLIC & HERB",0.0,0.0,0.0,0.0,0.0,0.0,10625.0
BROCCOLI FLORETS,29.0,3.53,0.0,4.71,2.4,1.18,29.0
ORGANIC BROWN JASMINE RICE,360.0,8.0,0.0,76.0,4.0,0.0,0.0
"NEAPOLITAN ICE CREAM, NEAPOLITAN",216.0,3.41,13.64,20.45,0.0,20.45,68.0
"PEANUT BUTTER CUPS DARK CHOCOLATE, PEANUT BUTTER CUPS",559.0,0.0,41.18,44.12,5.9,32.35,309.0
"CHERRY CHERRY CHERRY! FRUIT MIX IN LIGHT SYRUP, CHERRY CHERRY CHERRY!",65.0,0.81,0.0,15.32,1.6,12.9,0.0
"COUNTRY SAUSAGE GRAVY, COUNTRY SAUSAGE",196.0,5.36,16.07,16.07,0.0,3.57,518.0
"SARDINES IN TOMATO SAUCE, SARDINES",233.0,17.5,16.67,2.5,0.0,0.83,208.0
